"作業ID","作業者","作業者ページURL","承認日時","1. 人間の認知に関する調査"
"82914161","CWU19","http://crowdworks.jp/public/employees/297683","2025-01-24 15:47:59","36374531"
"82914166","川島亨斗","http://crowdworks.jp/public/employees/4651532","2025-01-24 15:48:00","22962416"
"82914169","kenari","http://crowdworks.jp/public/employees/5208842","2025-01-24 15:48:00","90146624"
"82914171","toumou1","http://crowdworks.jp/public/employees/4487887","2025-01-24 15:48:00","85044886"
"82914172","momomo99","http://crowdworks.jp/public/employees/4222839","2025-01-24 15:48:01","05242347"
"82914175","mockinbird","http://crowdworks.jp/public/employees/5702225","2025-01-24 15:48:01","33786301"
"82914176","rag_55","http://crowdworks.jp/public/employees/2141268","2025-01-24 15:48:02","38906983"
"82914181","dtb201bk","http://crowdworks.jp/public/employees/2941083","2025-01-24 15:48:02","89375756"
"82914182","Okkus.odd","http://crowdworks.jp/public/employees/4760169","2025-01-24 15:48:04","メッセージします。"
"82914189","trust8376","http://crowdworks.jp/public/employees/4938544","2025-01-24 15:48:04","88877260"
"82914191","hatana56","http://crowdworks.jp/public/employees/5560684","2025-01-24 15:48:04","12760178"
"82914197","take8bu","http://crowdworks.jp/public/employees/4854693","2025-01-24 15:48:04","98778774"
"82914200","bono045","http://crowdworks.jp/public/employees/5152852","2025-01-24 15:48:05","26141450"
"82914203","コーチャ","http://crowdworks.jp/public/employees/757433","2025-01-24 15:48:06","09343795"
"82914204","shati","http://crowdworks.jp/public/employees/3312891","2025-01-24 15:48:09","07170677"
"82914206","ロロ12","http://crowdworks.jp/public/employees/3052369","2025-01-24 15:48:09","90920649"
"82914207","michiko0257","http://crowdworks.jp/public/employees/3554155","2025-01-24 15:48:10","48128444"
"82914209","Rikyaro","http://crowdworks.jp/public/employees/5704605","2025-01-24 15:48:11","75543720"
"82914213","Socket","http://crowdworks.jp/public/employees/5090304","2025-01-24 15:48:11","64621830"
"82915228","supershit666","http://crowdworks.jp/public/employees/3124577","2025-01-24 15:48:11","50265735"
"82912988","yukie55","http://crowdworks.jp/public/employees/4067838","2025-01-24 15:48:22","75640904"
"82912989","OZIPRO","http://crowdworks.jp/public/employees/3585633","2025-01-24 15:48:23","14090321"
"82912990","sayuri0718","http://crowdworks.jp/public/employees/2436650","2025-01-24 15:48:24","75473939"
"82912991","Hausen","http://crowdworks.jp/public/employees/1184990","2025-01-24 15:48:26","45108510"
"82912992","wolfz","http://crowdworks.jp/public/employees/4173223","2025-01-24 15:48:27","79337823"
"82912993","yellowtiger19","http://crowdworks.jp/public/employees/2471925","2025-01-24 15:48:28","47613864"
"82912994","kuronyachi","http://crowdworks.jp/public/employees/3968292","2025-01-24 15:48:29","26945392"
"82912997","Axelrod","http://crowdworks.jp/public/employees/4103250","2025-01-24 15:48:30","17525310"
"82912998","tt08931268","http://crowdworks.jp/public/employees/4213713","2025-01-24 15:48:31","11649182　"
"82912999","Odto","http://crowdworks.jp/public/employees/4201763","2025-01-24 15:48:32","10594922"
"82913001","ririko5","http://crowdworks.jp/public/employees/4377596","2025-01-24 15:48:33","62103150"
"82913002","rurusieru","http://crowdworks.jp/public/employees/930809","2025-01-24 15:48:34","88115393"
"82913003","lento003","http://crowdworks.jp/public/employees/3738746","2025-01-24 15:48:37","56593900"
"82913004","bint","http://crowdworks.jp/public/employees/2677151","2025-01-24 15:48:38","88645223"
"82913005","mio_38","http://crowdworks.jp/public/employees/4229210","2025-01-24 15:48:40","59331168"
"82913008","Kyurem","http://crowdworks.jp/public/employees/1227408","2025-01-24 15:48:41","97731677"
"82913009","riotar","http://crowdworks.jp/public/employees/3837163","2025-01-24 15:48:43","12469636"
"82913011","superjustice","http://crowdworks.jp/public/employees/5860381","2025-01-24 15:48:44","19280594"
"82914157","blueearth444","http://crowdworks.jp/public/employees/2106307","2025-01-24 15:48:45","48690232"
"82914158","Name Naoki","http://crowdworks.jp/public/employees/3078421","2025-01-24 15:48:47","38929562"
"82912959","wanko20","http://crowdworks.jp/public/employees/3579473","2025-01-24 15:49:41","21247093"
"82912960","hiro_123","http://crowdworks.jp/public/employees/42040","2025-01-24 15:49:41","78839151"
"82912963","simacat","http://crowdworks.jp/public/employees/2637321","2025-01-24 15:49:49","57083704"
"82912965","TCLO","http://crowdworks.jp/public/employees/928235","2025-01-24 15:49:49","18711508"
"82912966","くのいちなるみ","http://crowdworks.jp/public/employees/3551128","2025-01-24 15:49:49","23941550"
"82912967","最後まで","http://crowdworks.jp/public/employees/6157211","2025-01-24 15:49:50","11297410"
"82912968","daifuku03","http://crowdworks.jp/public/employees/4008717","2025-01-24 15:49:50","25181544"
"82912970","とんぼNEC","http://crowdworks.jp/public/employees/3831171","2025-01-24 15:49:50","73250666"
"82912971","FRISK2016","http://crowdworks.jp/public/employees/1119495","2025-01-24 15:49:51","33653090"
"82912972","kimtmt","http://crowdworks.jp/public/employees/2503650","2025-01-24 15:49:51","18137583"
"82912973","ksgmy","http://crowdworks.jp/public/employees/5661838","2025-01-24 15:49:52","23281956"
"82912974","timetoki15","http://crowdworks.jp/public/employees/4983408","2025-01-24 15:49:52","93372317"
"82912976","kaedetomomojiro","http://crowdworks.jp/public/employees/3119297","2025-01-24 15:49:52","56286930"
"82912979","mirin036","http://crowdworks.jp/public/employees/5054908","2025-01-24 15:49:52","48750167"
"82912980","Hakka64","http://crowdworks.jp/public/employees/5880721","2025-01-24 15:49:53","25255597"
"82912981","たけぼう","http://crowdworks.jp/public/employees/4021758","2025-01-24 15:49:53","26367656"
"82912982","nishi368","http://crowdworks.jp/public/employees/3602839","2025-01-24 15:49:54","56337775"
"82912983","yun_karimom","http://crowdworks.jp/public/employees/6161741","2025-01-24 15:49:55","05533268"
"82912984","kinokoneko","http://crowdworks.jp/public/employees/1304218","2025-01-24 15:49:55","65118360"
"82912985","sekiseiinkochan","http://crowdworks.jp/public/employees/1003653","2025-01-24 15:49:55","57336776"
"82912931","kabuton3219","http://crowdworks.jp/public/employees/1587608","2025-01-24 15:50:14","43153283"
"82912932","hitsuji0131","http://crowdworks.jp/public/employees/3252740","2025-01-24 15:50:16","58391800"
"82912934","kougo5","http://crowdworks.jp/public/employees/2738801","2025-01-24 15:50:16","45416637"
"82912935","わみたす","http://crowdworks.jp/public/employees/5145109","2025-01-24 15:50:16","85304232"
"82912936","griotte","http://crowdworks.jp/public/employees/1523010","2025-01-24 15:50:17","82709300"
"82912937","もちこ123","http://crowdworks.jp/public/employees/6147689","2025-01-24 15:50:17","74974587"
"82912938","miraidamako","http://crowdworks.jp/public/employees/2105031","2025-01-24 15:50:18","87836007"
"82912939","kanabunbun310","http://crowdworks.jp/public/employees/5052298","2025-01-24 15:50:18","16318125"
"82912940","momo129meguzo","http://crowdworks.jp/public/employees/248261","2025-01-24 15:50:19","33474602"
"82912941","hirowing","http://crowdworks.jp/public/employees/2579079","2025-01-24 15:50:19","08641672"
"82912943","adagietto","http://crowdworks.jp/public/employees/2912766","2025-01-24 15:50:20","42663603"
"82912944","toshiynjp","http://crowdworks.jp/public/employees/1907686","2025-01-24 15:50:20","68240222"
"82912945","emerald246","http://crowdworks.jp/public/employees/712304","2025-01-24 15:50:22","36283118"
"82912946","hmki8","http://crowdworks.jp/public/employees/2472020","2025-01-24 15:50:23","58886084"
"82912952","wenxuan11","http://crowdworks.jp/public/employees/3020283","2025-01-24 15:50:23","80296662"
"82912953","kuruupu","http://crowdworks.jp/public/employees/201371","2025-01-24 15:50:23","01576194"
"82912954","nekota0neko","http://crowdworks.jp/public/employees/5364686","2025-01-24 15:50:27","44877545"
"82912955","L912","http://crowdworks.jp/public/employees/131192","2025-01-24 15:50:28","07336447"
"82912956","tiger100","http://crowdworks.jp/public/employees/3387749","2025-01-24 15:50:28","57682171"
"82912957","calty2006","http://crowdworks.jp/public/employees/4971278","2025-01-24 15:50:28","83162446"
"82912908","hikotaku94","http://crowdworks.jp/public/employees/5736566","2025-01-24 15:50:36","79354605"
"82912909","genmaitea","http://crowdworks.jp/public/employees/1736133","2025-01-24 15:50:36","86782966"
"82912910","machi109","http://crowdworks.jp/public/employees/904810","2025-01-24 15:50:37","98678719"
"82912911","根岸和則","http://crowdworks.jp/public/employees/1690401","2025-01-24 15:50:37","78447091"
"82912912","crowking","http://crowdworks.jp/public/employees/2259197","2025-01-24 15:50:38","45495679"
"82912913","shimojo","http://crowdworks.jp/public/employees/1510513","2025-01-24 15:50:38","51650862"
"82912914","ask511","http://crowdworks.jp/public/employees/2195558","2025-01-24 15:50:39","43712947"
"82912915","kasasagi7","http://crowdworks.jp/public/employees/2207845","2025-01-24 15:50:39","31472393"
"82912917","matsubatask","http://crowdworks.jp/public/employees/3922243","2025-01-24 15:50:40","72865152"
"82912918","mfleur82","http://crowdworks.jp/public/employees/1657633","2025-01-24 15:50:40","04800140"
"82912919","K.Tominaga1","http://crowdworks.jp/public/employees/4408530","2025-01-24 15:50:41","69868795"
"82912920","ss1110","http://crowdworks.jp/public/employees/2250473","2025-01-24 15:50:41","73667115"
"82912922","yuriko0318","http://crowdworks.jp/public/employees/2791336","2025-01-24 15:50:42","01056114"
"82912923","rosablanca19","http://crowdworks.jp/public/employees/6087498","2025-01-24 15:50:43","02433599"
"82912924","ma20020607","http://crowdworks.jp/public/employees/1926873","2025-01-24 15:50:43","45097744"
"82912925","hasshiyshipohk","http://crowdworks.jp/public/employees/1887732","2025-01-24 15:50:45","51309438"
"82912926","わっく55","http://crowdworks.jp/public/employees/5127776","2025-01-24 15:50:46","56543066"
"82912927","mac51","http://crowdworks.jp/public/employees/2525366","2025-01-24 15:50:46","89931307"
"82912929","lunacorona","http://crowdworks.jp/public/employees/2399166","2025-01-24 15:50:46","74733464"
"82912930","マックス99","http://crowdworks.jp/public/employees/2613017","2025-01-24 15:50:47","16724616"
"82912885","pana2013","http://crowdworks.jp/public/employees/1472598","2025-01-24 15:50:57","19672854"
"82912887","matosa3","http://crowdworks.jp/public/employees/1181538","2025-01-24 15:50:57","78378302"
"82912888","tk0808","http://crowdworks.jp/public/employees/1039845","2025-01-24 15:50:58","24886812"
"82912889","namihei","http://crowdworks.jp/public/employees/1612472","2025-01-24 15:50:58","69287095"
"82912890","ルスラン","http://crowdworks.jp/public/employees/5455836","2025-01-24 15:50:59","39672185"
"82912891","miikhuwaamsuk","http://crowdworks.jp/public/employees/878721","2025-01-24 15:50:59","11133272"
"82912892","xiaotong","http://crowdworks.jp/public/employees/1703264","2025-01-24 15:51:00","28776903"
"82912893","mnty","http://crowdworks.jp/public/employees/5924178","2025-01-24 15:51:01","97155117"
"82912894","BKK4946","http://crowdworks.jp/public/employees/5674712","2025-01-24 15:51:01","05554852"
"82912895","yattaro","http://crowdworks.jp/public/employees/739464","2025-01-24 15:51:02","68480534"
"82912896","munamasa","http://crowdworks.jp/public/employees/1610899","2025-01-24 15:51:03","16464487"
"82912897","momiji_cw","http://crowdworks.jp/public/employees/1445649","2025-01-24 15:51:04","88304446"
"82912898","m-k","http://crowdworks.jp/public/employees/242683","2025-01-24 15:51:04","16748904"
"82912899","monmaru100","http://crowdworks.jp/public/employees/6171027","2025-01-24 15:51:05","85170963"
"82912900","sr_sr","http://crowdworks.jp/public/employees/1822057","2025-01-24 15:51:05","08638663"
"82912901","匿名135","http://crowdworks.jp/public/employees/804422","2025-01-24 15:51:06","87663081"
"82912904","pomie","http://crowdworks.jp/public/employees/2577141","2025-01-24 15:51:08","45361887"
"82912905","nishigan2469","http://crowdworks.jp/public/employees/1778742","2025-01-24 15:51:08","77979503"
"82912906","原田実來","http://crowdworks.jp/public/employees/4175095","2025-01-24 15:51:09","41572188"
"82912907","シマシマドジョウ","http://crowdworks.jp/public/employees/1916814","2025-01-24 15:51:09","28448350"
"82912863","mmcho","http://crowdworks.jp/public/employees/3147000","2025-01-24 15:51:21","07055243"
"82912864","Kotoko9","http://crowdworks.jp/public/employees/4187905","2025-01-24 15:51:21","79710916"
"82912865","nekonekonekono1","http://crowdworks.jp/public/employees/992473","2025-01-24 15:51:22","77767312"
"82912867","abs333","http://crowdworks.jp/public/employees/2752457","2025-01-24 15:51:23","78359251"
"82912868","hitomi850117","http://crowdworks.jp/public/employees/1086548","2025-01-24 15:51:23","31929313"
"82912869","daizu810","http://crowdworks.jp/public/employees/931579","2025-01-24 15:51:24","62979766"
"82912870","ohya1999","http://crowdworks.jp/public/employees/6175134","2025-01-24 15:51:25","00895783"
"82912871","ata0818","http://crowdworks.jp/public/employees/5844316","2025-01-24 15:51:25","29947498"
"82912872","武山ほなみ","http://crowdworks.jp/public/employees/1264394","2025-01-24 15:51:25","55102475"
"82912873","五十六","http://crowdworks.jp/public/employees/4324365","2025-01-24 15:51:25","50813256"
"82912874","yoimachigusa","http://crowdworks.jp/public/employees/195410","2025-01-24 15:51:25","64514840"
"82912875","摩天楼さね","http://crowdworks.jp/public/employees/2810580","2025-01-24 15:51:26","13246461"
"82912876","monarch_rec","http://crowdworks.jp/public/employees/1206302","2025-01-24 15:51:27","87066176"
"82912877","suisei11","http://crowdworks.jp/public/employees/1385539","2025-01-24 15:51:27","44231546"
"82912878","mtfujisun","http://crowdworks.jp/public/employees/1296231","2025-01-24 15:51:27","38721777"
"82912879","springflowerrie","http://crowdworks.jp/public/employees/1359285","2025-01-24 15:51:28","46075765"
"82912880","rain.rainriver","http://crowdworks.jp/public/employees/1220629","2025-01-24 15:51:28","23444358"
"82912881","neuemensch","http://crowdworks.jp/public/employees/188917","2025-01-24 15:51:28","58425806"
"82912883","Ermite","http://crowdworks.jp/public/employees/1349084","2025-01-24 15:51:35","25711465"
"82912884","sato4kobaya4","http://crowdworks.jp/public/employees/1179016","2025-01-24 15:51:38","50687589"
"82912839","otamesi","http://crowdworks.jp/public/employees/1966800","2025-01-24 15:51:45","58405278"
"82912840","cmrde","http://crowdworks.jp/public/employees/2594828","2025-01-24 15:51:46","58068759"
"82912841","riramohu","http://crowdworks.jp/public/employees/148287","2025-01-24 15:51:47","82352878"
"82912842","pureyes_cat","http://crowdworks.jp/public/employees/122636","2025-01-24 15:51:48","77469601"
"82912845","yocchi0520","http://crowdworks.jp/public/employees/1791041","2025-01-24 15:51:49","66392957"
"82912846","gahari","http://crowdworks.jp/public/employees/276010","2025-01-24 15:51:54","86275840"
"82912847","sdm89","http://crowdworks.jp/public/employees/4758400","2025-01-24 15:51:55","29065052"
"82912848","ritchie.dw","http://crowdworks.jp/public/employees/275026","2025-01-24 15:51:56","25962720"
"82912849","nenado3","http://crowdworks.jp/public/employees/5022070","2025-01-24 15:51:57","47858324"
"82912850","happiness8","http://crowdworks.jp/public/employees/638207","2025-01-24 15:51:57","83803331"
"82912851","kazumanma","http://crowdworks.jp/public/employees/1730845","2025-01-24 15:51:58","01076687"
"82912852","pirika06","http://crowdworks.jp/public/employees/279820","2025-01-24 15:51:58","91708334"
"82912853","tenkamt","http://crowdworks.jp/public/employees/95866","2025-01-24 15:51:59","38924098"
"82912854","kerori13","http://crowdworks.jp/public/employees/968553","2025-01-24 15:52:00","74067666"
"82912855","rikerin","http://crowdworks.jp/public/employees/4771775","2025-01-24 15:52:00","12077402"
"82912856","ハルロー","http://crowdworks.jp/public/employees/728411","2025-01-24 15:52:00","08061143"
"82912857","beann","http://crowdworks.jp/public/employees/5705536","2025-01-24 15:52:01","70038440"
"82912858","chiyos","http://crowdworks.jp/public/employees/3675780","2025-01-24 15:52:01","25525952"
"82912861","satobuta3105","http://crowdworks.jp/public/employees/1041184","2025-01-24 15:52:02","67985728"
"82912862","chochol","http://crowdworks.jp/public/employees/1060098","2025-01-24 15:52:04","69457846"
"82912817","phenglish","http://crowdworks.jp/public/employees/1872109","2025-01-24 15:52:13","99233742"
"82912818","（FUKAMI）","http://crowdworks.jp/public/employees/4415810","2025-01-24 15:52:13","46214603"
"82912819","こーじー","http://crowdworks.jp/public/employees/367640","2025-01-24 15:52:13","69547723"
"82912820","ladja","http://crowdworks.jp/public/employees/2183283","2025-01-24 15:52:15","53498708"
"82912821","kokoro999","http://crowdworks.jp/public/employees/5302284","2025-01-24 15:52:15","51957707"
"82912822","nonayan","http://crowdworks.jp/public/employees/222621","2025-01-24 15:52:16","06753092"
"82912823","mashiro77","http://crowdworks.jp/public/employees/5134695","2025-01-24 15:52:17","37264115"
"82912824","PHHP","http://crowdworks.jp/public/employees/5863410","2025-01-24 15:52:17","20595802"
"82912826","conicomi","http://crowdworks.jp/public/employees/276409","2025-01-24 15:52:17","26765565"
"82912827","yayoiregza","http://crowdworks.jp/public/employees/5231896","2025-01-24 15:52:20","06699526"
"82912828","minshle","http://crowdworks.jp/public/employees/2349425","2025-01-24 15:52:21","41439923"
"82912829","kanata0","http://crowdworks.jp/public/employees/1034994","2025-01-24 15:52:22","44059535"
"82912830","Shaun_F","http://crowdworks.jp/public/employees/607634","2025-01-24 15:52:23","38021695"
"82912831","psych","http://crowdworks.jp/public/employees/3327831","2025-01-24 15:52:24","15482156"
"82912832","icantsing","http://crowdworks.jp/public/employees/2227987","2025-01-24 15:52:25","25630337"
"82912833","kazu120_7515","http://crowdworks.jp/public/employees/5144214","2025-01-24 15:52:25","77457294"
"82912835","wavio","http://crowdworks.jp/public/employees/312376","2025-01-24 15:52:25","67285354"
"82912836","since1982s57","http://crowdworks.jp/public/employees/109960","2025-01-24 15:52:26","20028104"
"82912837","torisyu","http://crowdworks.jp/public/employees/35159","2025-01-24 15:52:27","92975803"
"82912838","toramaru0","http://crowdworks.jp/public/employees/4721248","2025-01-24 15:52:27","25430176"
"82912793","EFL_ITE","http://crowdworks.jp/public/employees/5604782","2025-01-24 15:52:33","61513911"
"82912796","nnmnot1408","http://crowdworks.jp/public/employees/5289773","2025-01-24 15:52:33","25621928"
"82912797","kouhei2014024","http://crowdworks.jp/public/employees/5138531","2025-01-24 15:52:33","50643037"
"82912798","rokoton6510","http://crowdworks.jp/public/employees/5398551","2025-01-24 15:52:34","59850581"
"82912799","asap156192","http://crowdworks.jp/public/employees/3106815","2025-01-24 15:52:34","35283792"
"82912801","hanakoucha","http://crowdworks.jp/public/employees/3798718","2025-01-24 15:52:35","05072081"
"82912802","chojuro_stmt","http://crowdworks.jp/public/employees/4517104","2025-01-24 15:52:35","12862667"
"82912803","rstranslator","http://crowdworks.jp/public/employees/3053783","2025-01-24 15:52:36","88279534"
"82912804","blue island ","http://crowdworks.jp/public/employees/94338","2025-01-24 15:52:37","36066339"
"82912805","a0508","http://crowdworks.jp/public/employees/4409144","2025-01-24 15:52:38","18304390"
"82912806","s16bit","http://crowdworks.jp/public/employees/113910","2025-01-24 15:52:39","43347152"
"82912807","STI-Staccato","http://crowdworks.jp/public/employees/4246385","2025-01-24 15:52:40","46786795"
"82912808","振内山","http://crowdworks.jp/public/employees/753876","2025-01-24 15:52:41","78300730"
"82912809","hisa0118","http://crowdworks.jp/public/employees/62735","2025-01-24 15:52:42","29865169"
"82912810","gj21","http://crowdworks.jp/public/employees/5712384","2025-01-24 15:52:42","77143252"
"82912811","lattchan","http://crowdworks.jp/public/employees/245831","2025-01-24 15:52:42","90171737"
"82912812","pukuripo","http://crowdworks.jp/public/employees/114735","2025-01-24 15:52:43","47002661"
"82912813","monburann","http://crowdworks.jp/public/employees/1620490","2025-01-24 15:52:43","08977416"
"82912814","baron0323","http://crowdworks.jp/public/employees/115345","2025-01-24 15:52:44","55719672"
"82912816","kaz1_1d79","http://crowdworks.jp/public/employees/4270487","2025-01-24 15:52:44","94679285"
